handle,title,vendor,product_type
ultra-strep-a-test-clia-waived-gen-147,Ultra Strep A Test CLIA Waived (GEN 147),MedPlus,Rapid Strep Test
disposable-mouthpieces-for-ds400,Disposable Mouthpieces for DS400 (DS46CM7250),Jant Pharmacal,Breathalyzer Mouthpiece
disposable-mouthpieces-for-intoxilyzer-400,Disposable mouthpieces for Intoxilyzer,Jant Pharmacal,Breathalyzer Mouthpiece
tsh-controls-set-pos-neg-serum-mdc811,"TSH Controls Set, POS/NEG Serum (MDC811)",Jant Pharmacal,Rapid Test
cotinine-urine-controls-400-ng-ml-cut-off-5ml-vial-dc07,"Cotinine Urine Controls, 400 ng/ml cut-off; 5mL vial (DC07)",Jant Pharmacal,Rapid Test
15-character-backpacks-assorted-prints-24-case-2378131,"15"" Character Backpacks, Assorted Prints, Case of 24 (2378131)",DDays,Backpack
neon-rubber-sunglasses-assorted-96-case-1895082,"Neon Rubber Sunglasses - Assorted, 96/Case (1895082)",DDays,Sunglasses
dinosaur-mini-coloring-books-assorted-312-case-1903710,"Dinosaur Mini Coloring Books - Assorted, 312/Case (1903710)",DDays,Coloring Book
rainbow-mini-basketballs-5-48-case-2269303,"Rainbow Mini Basketballs - 5"", 48/Case (2269303)",DDays,Mini Basketball
bulk-playing-cards-100-decks-case-2357432,"Bulk Playing Cards, 100 Decks/Case (2357432)",DDays,Playing Cards
middle-school-supply-kits-in-17-backpack-24-packs-case-2385633,"Middle School Supply Kits in 17"" Backpack, 24 Packs/Case (2385633)",DDays,Office Supply
17-backpacks-with-elementary-school-kits-clear-24-packs-2365794,"17"" Backpacks with Elementary School Kits - Clear, 24 Packs (2365794)",DDays,Backpack
basic-hygiene-kit-96-kits-2382706,"Basic Hygiene Kit, 96 Kits, $3.38 per Kit (2382706)",DDays,Personal Care
essential-hygiene-kits-8-piece-50-kits-2382709,"Essential Hygiene Kits - 8 Piece, 50 Kits (2382709)",DDays,Personal Care
smiley-face-plush-toys-assorted-2269326,Smiley Face Plush Toys - Assorted (2269326),DDays,Plush Toy
mini-firefighter-coloring-books-assorted-1903706,Mini Firefighter Coloring Books - Assorted (1903706),DDays,Coloring Book
plush-valentines-day-hearts-assorted-4-1905262,"Plush Valentine's Day Hearts - Assorted, 4"" (1905262)",DDays,Plush Toy
narwhal-plush-toys-assorted-36-case-2344970,"Narwhal Plush Toys - Assorted, 36/Case (2344970)",DDays,Plush Toy
14-drawstring-backpacks-assorted-neon-288-case-2269204,"14"" Drawstring Backpacks - Assorted Neon, 288/Case (2269204)",DDays,Backpack
drawstring-bags-black-200-case-2385217,"Drawstring Bags - Black, 200/Case (2385217)",DDays,Drawstring Bag
drawstring-bags-16-x-12-5-assorted-colors-2371478,"Drawstring Bags - 16"" x 12"", 5 Assorted Colors (2371478)",DDays,Drawstring Bag
hygiene-kits-6-pieces-2352847,"Hygiene Kits - 6 Pieces, 100 Kits (2352847)",DDays,Personal Care
deluxe-hygiene-kits-24-pieces-2352848,"Deluxe Hygiene Kits - 24 Pieces, 50 Kits (2352848)",DDays,Personal Care
elementary-school-stationary-kits-11-piece-pre-assembled-48-kits-case-2373226,"Elementary School Stationary Kits - 11 Piece Pre-Assembled, 48 Kits/Case (2373226)",DDays,Office Supply
pendant-full-elec-wl-bed-690-2001-414,PENDANT FULL-ELEC WL BED (690-2001-414),Graham Field,Electric Bed Pendant Control
christmas-coloring-books-with-crayons-fun-pack-case-of-72-2345917,"Christmas Coloring Books with Crayons - Fun Pack, Case of 72 (2345917)",DDays,Coloring Book
bulk-12-ball-pumps-100-pieces-683742,"Bulk 12"" Ball Pumps - 100 Pieces (683742)",DDays,Ball Pump
pickleball-set-1-racket-and-1-ball-2384596,"Pickleball Set - 1 Racket and 1 Ball, 24 Sets (2384596)",DDays,Pickleball Set
foam-footballs-assorted-colors-5-375-48-balls-2276470,"Foam Footballs - Assorted Colors, 5.375"", 48 Balls (2276470)",DDays,Foam Football
mini-tic-tac-toe-games-2-case-of-432-1776317,"Mini Tic-Tac-Toe Games - 2"", Case of 432 (1776317)",DDays,Children's Game
bigbox-stick-pens-black-1200-per-case-2374685,"BigBox Stick Pens, 1200 per Case",DDays,Office Supply
reusable-eating-utensils-2354397,"Reusable Eating Utensils, 48 Sets (2354397)",DDays,Reusable Eating Utensil Set
washcloths-white-12-x-12-case-of-312-2375266,"Washcloths - White, 12"" x 12"", Case of 300 (2386780)",DDays,Incontinence Product
17-black-backpacks-case-of-24-1994343,"17"" Black Backpacks, Case of 24",DDays,Office Supply
duowebf-sheet-fed-laser-label-die-581s-style-f-laser-rx-label-8-5-x-11-5706a,"""DuoWebF"" Sheet-Fed laser label, Die 581S, Style F Laser Rx Label - 8.5″ x 11″ (5706A)",Rx Systems,Pharmacy Supply
tampons-with-cardboard-applicator-super-absorbency-case-of-500-2374626,"Tampons with Cardboard Applicator, Super Absorbency, Case of 500 (2374626)",DDays,Incontinence Product
12022110-replacement-24-rear-wheel-90-011b1j,"12022110 Replacement 24"" Rear Wheel (90-011B1J)",Graham Field,Wheelchair Wheel
biohazard-bag-39-x-33-100-bags-43203,"Biohazard Bag, 39” x 33”, 100 Bags (43203)",Dynarex,Janitorial Supply
biohazard-bag-39-x-33-100-bags-43203-copy,"Biohazard Bags, with Ties, 24"" x 25.6"", 500 Bags (43200)",Dynarex,Janitorial Supply
essential-3-5-mil-black-nitrile-exam-gloves-small-1401,Essential 3.5 Mil Black Nitrile Exam Gloves,First Glove,Exam Glove
cross-kickballs-assorted-colors-96-per-case-1776463,"Cross Kickballs - Assorted Colors, 96 per Case (1776463)",DDays,Toys
