handle,title,variant_sku,variant_id,price,inventory_policy,delivery_profile
xylocaine-1-w-epinephrine-20ml-mdv-63323-0482-27-order-for-pricing,"Xylocaine 1% w/ Epinephrine, 20mL, MDV (63323-0482-27)",2354,50340842209496,0.00,DENY,General profile
hospira-bacteriostatic-water-for-injection-mdv-30ml-pack-of-25-00409-1966-02,"Hospira, Bacteriostatic Water For Injection MDV, 30ml, Pack of 25 (00409-1966-02) *Physician's License Required*",1049,50365860872408,0.00,DENY,General profile
somerset-bupivacaine-0-25-2-5mg-ml-injection-mdv-50ml-pack-of-25-70069-0752-01,"Somerset, Bupivacaine 0.25% 2.5mg/ml Injection MDV, 50ml, Pack of 25 (70069-0752-01)",2081,50365867294936,0.00,DENY,General profile
hospira-bupivacaine-0-5-5mg-ml-injection-p-f-sdv-30ml-pack-of-25-00409-1162-19,"Hospira, Bupivacaine 0.5% 5mg/ml Injection P/F SDV, 30ml, Pack of 25 (00409-1162-19)",1003,50365870178520,0.00,DENY,General profile
hospira-bupivacaine-0-5-injection-5mg-ml-mdv-50ml-pack-of-25-00409-1163-18,"Hospira, Bupivacaine 0.5% Injection 5MG/ML MDV, 50ml, Pack of 25 (00409-1163-18)",3598,50365877321944,0.00,DENY,General profile
auromedics-bupivacaine-hcl-0-25-2-5mg-ml-injection-mdv-50ml-pack-of-25-55150-0249-50,"AuroMedics, Bupivacaine HCl 0.25% 2.5mg/ml Injection MDV, 50ml, Pack of 25 (55150-0249-50)",1328,50365880860888,0.00,DENY,General profile
apotex-ceftriaxone-sodium-500mg-injection-sdv-15ml-pack-of-10-60505-6152-01,"Apotex, Ceftriaxone Sodium 500Mg Injection SDV, 15ml, Pack of 10 (60505-6152-01)",1076,50365892067544,0.00,DENY,General profile
apotex-ceftriaxone-sodium-1gm-injection-sdv-1gm-box-of-10-00409-7332-01,"Apotex, Ceftriaxone Sodium, 1gm Injection SDV, 1gm, Box of 10 (00409-7332-01)",1063,50365895278808,0.00,DENY,General profile
organon-celestone-soluspan-6mg-ml-5ml-78206-0118-01,"Organon, Celestone Soluspan 6MG/ML, 5ml (78206-0118-01)",1111,50365899669720,0.00,DENY,General profile
somerset-cyanocobalamin-vitamin-b12-1000mcg-ml-injection-mdv-30ml-70069-0171-10,"Somerset, Cyanocobalamin Vitamin B12 1000MCG/ML Injection MDV, 30ml (70069-0171-10)",2547,50365903601880,0.00,DENY,General profile
hikma-diphenhydramine-50mg-injection-1ml-pack-of-25-00641-0376-21,"Hikma, Diphenhydramine 50MG Injection, 1ml, Pack of 25 (00641-0376-21)",1210,50365905928408,0.00,DENY,General profile
bpi-labs-epinephrine-1mg-ml-1-1000-injection-pf-ampule-1ml-pack-of-10-54288-0103-01,"BPI Labs, Epinephrine 1mg/ml, 1:1000 Injection PF  Ampule, 1ml, Pack of 10 (54288-0103-01)",1259,50365908779224,0.00,DENY,General profile
mylan-famotidine-20mg-2ml-injection-2ml-box-of-25-67457-0433-22,"Mylan, Famotidine 20MG/2ML Injection, 2ml, Box of 25 (67457-0433-22)",2645,50366089986264,0.00,DENY,General profile
xgen-folic-acid-5-mg-ml-10ml-each-39822-1100-01,"Xgen, Folic Acid 5 mg/ml, 10ml, Each (39822-1100-01 )",2828,50366141235416,0.00,DENY,General profile
eli-lilly-humulin-70-30-injection-10ml-each-00002-8715-01,"Eli Lilly, Humulin 70/30 Injection, 10ml, Each ( 00002-8715-01)",2635,50366160568536,0.00,DENY,General profile
teva-hydroxocobalamin-1000mcg-ml-injection-mdv-30ml-each-00591-2888-30,"Teva, Hydroxocobalamin 1000MCG/ML Injection MDV, 30ml, Each (00591-2888-30)",1911,50366162305240,0.00,DENY,General profile
halozyme-hylenex-150-u-ml-sdv-1ml-each-18657-0117-02,"Halozyme, Hylenex 150 U/ML SDV, 1ml, Each (18657-0117-02)",1327,50366172430552,0.00,DENY,General profile
bristol-myers-squibb-kenalog-10mg-ml-injection-mdv-5ml-each-00003-0494-20,"Bristol-Myers Squibb, Kenalog 10mg/ml injection MDV, 5ml, Each ( 00003-0494-20)",1318,50366176624856,0.00,DENY,General profile
fosun-pharma-ketorolac-30mg-ml-injection-im-iv-sdv-1ml-each-72266-0118-25,"Fosun Pharma, Ketorolac 30MG/ml Injection IM/IV SDV, 1ml, Box of 25 (72266-0118-25)",3158,50366194712792,0.00,DENY,General profile
fosun-pharma-ketorolac-60mg-2ml-injection-im-iv-sdv-2ml-box-of-25-72611-0725-25,"Fosun Pharma, Ketorolac 60MG/2ml Injection IM/IV SDV,2ml, Box of 25 (72611-0725-25)",2534,50366207557848,0.00,DENY,General profile
hikma-lidocaine-1-10mg-ml-injection-mdv-50ml-box-of-10-00143-9577-01,"Hikma, Lidocaine 1% 10mg/ml Injection MDV, 50ml, Box of 10 (00143-9577-01)",2644,50366213619928,0.00,DENY,General profile
hikma-lidocaine-2-20mg-ml-injection-mdv-50ml-box-of-10-00143-9575-01,"Hikma, Lidocaine 2% 20mg/ml Injection MDV, 50ml, Box of 10 (00143-9575-01)",3484,50366215848152,0.00,DENY,General profile
mylan-magnesium-chloride-200mg-ml-injection-mdv-50ml-each-67457-0134-50,"Mylan, Magnesium Chloride 200MG/ml Injection MDV, 50ml, Each (67457-0134-50)",1398,50366224793816,0.00,DENY,General profile
amneal-methylprednisolone-40mg-injection-1ml-each-70121-1573-01,"Amneal, Methylprednisolone 40MG Injection, 1ml, Each (70121-1573-01)",1973,50366227480792,0.00,DENY,General profile
amneal-methylprednisolone-80mg-ml-injection-sdv-1ml-each-70121-1574-01,"Amneal, Methylprednisolone 80MG/ML Injection SDV , 1ml, Each (70121-1574-01)",3609,50366229151960,0.00,DENY,General profile
apotex-ondansetron-2mg-ml-sdv-2ml-box-of-25-60505-6130-05,"Apotex, Ondansetron 2MG/ML SDV, 2ml, Box of 25 (60505-6130-05)",1980,50366232690904,0.00,DENY,General profile
fresenius-kabi-sodium-bicarbonate-8-4-1-meq-ml-injection-sdv-50ml-pack-of-25-63323-0089-25,"Fresenius Kabi, Sodium Bicarbonate 8.4% 1 mEq/mL Injection SDV, 50ml, Pack of 25 (63323-0089-25)",3074,50366235607256,0.00,DENY,General profile
hospira-sodium-chloride-0-9-pf-sdv-10ml-pack-of-25-00409-4888-02,"Hospira, Sodium Chloride 0.9% PF SDV, 10ml, Pack of 25 (00409-4888-02)",2285,50366238458072,0.00,DENY,General profile
bd-sodium-chloride-posiflush-ps-0-9-injection-10ml-box-of-30-bd306546,"BD, Sodium Chloride PosiFlush PS 0.9% Injection , 10ml, Box of 30 (BD306546)",3830,50366258217176,0.00,DENY,General profile
hospira-sterile-water-for-injection-50ml-pack-of-25-00409-4887-24,"Hospira, Sterile Water For Injection, 50ml, Pack of 25 (00409-4887-24)",3119,50366281482456,0.00,DENY,General profile
hospira-sterile-water-for-injection-20ml-pack-of-25-00409-4887-23,"Hospira, Sterile Water for Injection, 20ml, Pack of 25 (00409-4887-23)",3059,50366284431576,0.00,DENY,General profile
hospira-triamcinolone-acetonide-40mg-ml-injection-mdv-10ml-each-70121-1169-01,"Hospira, Triamcinolone Acetonide 40MG/ML Injection MDV, 10ml, Each (70121-1169-01)",2933,50366288232664,0.00,DENY,General profile
northstar-rx-triamcinolone-acetonide-40mg-ml-injection-mdv-10ml-each-16714-0150-01,"NorthStar Rx, Triamcinolone Acetonide 40MG/ML Injection MDV, 10ml, Each (16714-0150-01)",1062,50366290264280,0.00,DENY,General profile
sanofi-tubersol-10-test-tuberculin-ppd-10ml-each-49281-0752-21,"Sanofi, Tubersol 10 Test (Tuberculin PPD), 10ml, Each (49281-0752-21)",3623,50366293934296,0.00,DENY,General profile
fresenius-kabi-xylocaine-1-10mg-ml-injection-sdv-30ml-pack-of-25-63323-0492-07,"Fresenius Kabi, Xylocaine 1% 10mg/ml Injection SDV, 30ml, Pack of 25 (63323-0492-07)",2940,50366298816728,0.00,DENY,General profile
fresenius-kabi-xylocaine-2-w-epinephrine-mdv-50ml-pack-of-25-63323-0483-01,"Fresenius Kabi, Xylocaine 2% w/ Epinephrine  MDV,50ml, Pack of 25 (63323-0483-01)",2838,50366302650584,0.00,DENY,General profile
precision-dose-phentermine-37-5mg-lue-speck-tab-civ-1000-ndc-51224-0101-70,"Precision Dose, Phentermine 37.5mg LUE/SPECK TAB CIV 1000, NDC# 51224-0101-70",51224-0101-70,50423440212184,0.00,DENY,General profile
sunrise-phentermine-37-5mg-lue-speck-tab-civ-1000-ndc-11534-0160-03,"Sunrise, Phentermine 37.5mg LUE/SPECK TAB CIV 1000, NDC# 11534-0160-03",11534-0160-03,50423441359064,0.00,DENY,General profile
pregnyl-10-000-units-injection-10ml-78206-0150-01,"Pregnyl 10,000 units injection 10ML (78206-0150-01)",78206-0150-01,50490556547288,0.00,DENY,General profile
naltrexone-hcl-50mg-tab-30-16729-0081-10-copy,"Sun Pharma, Naltrexone HCl 50MG Tab 30 (47335-0326-83)",47335-0326-83,50490822656216,0.00,DENY,General profile
fresenius-kabi-xylocaine-2-w-epinephrine-mdv-50ml-each-63323-0483-01,"Fresenius Kabi, Xylocaine 2% w/ Epinephrine  MDV,50ml, Each (63323-0483-01)",2838,50835535429848,0.00,DENY,General profile
