Referring page title,Referring page URL,Language,Platform,Referring page HTTP code,Domain rating,UR,Domain traffic,Referring domains,Linked domains,External links,Page traffic,Keywords,Target URL,Left context,Anchor,Right context,Redirect Chain URLs,Redirect Chain status codes,Type,Is spam,Content,Nofollow,UGC,Sponsored,Rendered,Raw,Lost status,Drop reason,Discovered status,First seen,Last seen,Lost,Author,Page type,Page category,Links in group
1201Rl Tattoo Needle - tattoo,https://drones.sdes.edu.np/en/1201rl-tattoo-needle.html,en,,302,0.6,4.5,1,0,6,12,0,0,https://www.mdsupplies.com/sup/images/productImages/K8J9ZVU2GY.gif,,"Dynarex Tattoo Needles, Round Liner, 1201RL 75.00/Case of 250 Dynarex 9201",,,,image,false,true,false,false,false,false,true,pageredirected,,pagefound,2025-04-24 16:10:26,2026-02-18 20:53:16,2026-08-22 19:59:29,,,,2
12 Gauge Tattoo Needles - tattoo,https://cursive.infipereira.gov.co/view/12-gauge-tattoo-needles.html,en,,404,1.3,4.5,7,0,10,12,0,0,https://www.mdsupplies.com/sup/images/productImages/7CXML2268H.gif,,"Dynarex Tattoo Needles, 12 Needle, Round Liner, 1203RL 75.00/Case of",,,,image,false,true,false,false,false,false,true,notfound,,pagefound,2025-02-10 14:04:52,2026-05-12 10:10:10,2026-08-28 12:08:06,,,,5
1201Rl Tattoo Needle - tattoo,https://drones.sdes.edu.np/en/1201rl-tattoo-needle.html,en,,302,0.6,4.5,1,0,6,12,0,0,https://www.mdsupplies.com/sup/images/productImages/7HQXDFWJ49.gif,,"Dynarex Fearless Tattoo Needles Round Liner, 1201RL 67.50/Case of",,,,image,false,true,false,false,false,false,true,pageredirected,,pagefound,2025-04-24 16:10:26,2026-02-18 20:53:16,2026-08-22 19:59:29,,,,2
Sterile disposable scalpels top,https://www.icxmedia.com/?i=38082015,en,,0,26,4.4,0,0,10,10,0,0,https://www.mdsupplies.com/sup/images/productImages/PREGWANPVK.gif,,Sterile disposable scalpels top,,,,image,false,false,false,false,false,false,true,,lowvalue,pagefound,2025-06-14 01:21:45,2025-06-14 19:28:29,2026-08-28 15:07:07,,,,1
Where to buy 🚀 aged domains and backlinks 🔥 from www.indians.cc | 5398-0938,https://www.indians.cc/page-539c8faac0dfe9b38f87e39d8f9e0087.html,en,wordpress,200,3.7,0,0,0,9996,9997,0,0,https://mdsupplies.com/,mdsupplier.com mdsuppliers.com,mdsupplies.com,mdsuppliesandservice.com mdsuppliesusa.com,,,text,true,false,false,false,false,false,true,removedfromhtml,,linkrestored,2026-05-10 09:25:04,2026-07-28 06:25:04,2026-08-27 07:09:38,,Listing > Product,Internet > Service providers > Phone service providers; Computers and electronics > Computer security > Network security,1
Lactated Ringers Medication Template - template,https://tn.lcamorrosquillo.gov.co/en/lactated-ringers-medication-template.html,en,,302,0,0,0,0,10,12,0,0,https://www.mdsupplies.com/sup/images/productImages/WRW2B797FM.gif,,Hospira Lactated Ringers Solution IV Bag 1000ml 196.00/Case of 12,,,,image,false,true,false,false,false,false,true,pageredirected,,linkfound,2026-05-20 14:03:19,2026-05-20 14:03:19,2026-08-26 14:15:08,,,,1
Hot tailored chef pants Hot Sale,https://seaborne-gz.com/?s=408631611,en,,0,0,0,51,0,6,6,0,0,https://www.mdsupplies.com/sup/images/productImages/XMP2E37F1N.gif,,tailored chef pants,,,,image,false,false,false,false,false,false,true,,lowvalue,linkfound,2025-09-29 22:23:00,2025-09-29 22:23:00,2026-08-14 12:40:10,,,,1
Where to buy 🚀 aged domains and backlinks 🔥 from www.domainanalysis.org | 5398-0938,https://www.domainanalysis.org/page-539c8faac0dfe9b38f87e39d8f9e0087.html,en,wordpress,302,1.5,0,0,0,9996,9996,0,0,https://mdsupplies.com/,mdsupplier.com mdsuppliers.com,mdsupplies.com,mdsuppliesandservice.com mdsuppliesusa.com,,,text,true,false,false,false,false,false,true,pageredirected,,linkfound,2026-05-22 02:23:57,2026-07-31 05:36:45,2026-08-30 05:38:48,,,,1
1203Rl Tattoo Needle - tattoo,https://drones.sdes.edu.np/en/1203rl-tattoo-needle.html,en,,302,0.6,0,1,0,9,12,0,0,https://www.mdsupplies.com/sup/images/productImages/7CXML2268H.gif,,"Dynarex Tattoo Needles, 12 Needle, Round Liner, 1203RL 75.00/Case of",,,,image,false,false,false,false,false,false,true,pageredirected,,pagefound,2025-04-18 02:51:32,2025-10-06 03:57:03,2026-08-23 01:43:50,,,,2
Safety goggles with side shields best sale,https://www.osteo-mundo.fr/?o=453080314,en,,0,0,0,0,0,9,9,0,0,https://www.mdsupplies.com/sup/images/productImages/15ULWMDK6A.gif,,Safety goggles with side shields best sale,,,,image,false,false,false,false,false,false,true,,lowvalue,linkfound,2025-08-28 20:27:46,2025-08-28 20:27:46,2026-08-19 04:00:40,,,,1
12 Gauge Tattoo Needles - tattoo,https://tn.lcamorrosquillo.gov.co/en/12-gauge-tattoo-needles.html,en,,302,0,0,0,0,10,12,0,0,https://www.mdsupplies.com/sup/images/productImages/7CXML2268H.gif,,"Dynarex Tattoo Needles, 12 Needle, Round Liner, 1203RL 75.00/Case of",,,,image,false,true,false,false,false,false,true,pageredirected,,pagefound,2026-05-16 22:14:17,2026-05-16 22:14:17,2026-08-25 09:39:34,,,,2
1207Rl Tattoo Needle Used For - tattoo,https://nd.iulataminstitutouniversitario.edu.mx/en/1207rl-tattoo-needle-used-for.html,en,,302,0,0,0,0,9,12,0,0,https://www.mdsupplies.com/sup/images/productImages/FKJEB33I41.gif,,30+ 1207Rl Tattoo Needle Used For FrancGenessa,,,,image,false,true,false,false,false,false,true,pageredirected,,pagefound,2025-07-31 03:06:15,2026-05-06 13:03:06,2026-08-22 15:56:21,,,,1
Uscg type 2 life jacket sales,https://bumblb.org.ng/?b=440649111,en,,0,0,0,0,0,10,10,0,0,https://www.mdsupplies.com/sup/images/productImages/XYZPG89DSJ.gif,,Uscg type 2 life jacket sales,,,,image,false,false,false,false,false,false,true,,lowvalue,linkfound,2025-09-23 14:13:42,2025-09-23 14:13:42,2026-08-21 17:46:07,,,,1
Synthetic hot sale vinyl gloves,https://www.mueblesdeguatemala.com/?m=193213417,en,,0,0,0,0,0,10,10,0,0,https://www.mdsupplies.com/sup/images/productImages/MXCUT572QP.gif,,Synthetic hot sale vinyl gloves,,,,image,false,false,false,false,false,false,true,,lowvalue,pagefound,2025-03-03 20:23:50,2025-09-29 12:33:36,2026-08-18 08:03:28,,,,1
Hydrogel Sheet Wound Dressing - sheet,https://tn.lcamorrosquillo.gov.co/en/hydrogel-sheet-wound-dressing.html,en,,302,0,0,0,0,10,12,0,0,https://www.mdsupplies.com/sup/images/productImages/FF2KL9HABG.gif,,MedPride Hydrogel Wound Dressing Sheet 4x4 213.90/Case of 120 Shield,,,,image,false,true,false,false,false,false,true,pageredirected,,pagefound,2025-09-06 14:31:05,2026-05-08 20:05:37,2026-08-24 00:56:42,,,,1
1201Rl Tattoo Needle - tattoo,https://tn.lcamorrosquillo.gov.co/en/1201rl-tattoo-needle.html,en,,302,0,0,0,0,6,12,0,0,https://www.mdsupplies.com/sup/images/productImages/K8J9ZVU2GY.gif,,"Dynarex Tattoo Needles, Round Liner, 1201RL 75.00/Case of 250 Dynarex 9201",,,,image,false,true,false,false,false,false,true,pageredirected,,pagefound,2026-05-22 06:38:02,2026-05-22 06:38:02,2026-08-26 20:50:26,,,,2
1207Rl Tattoo Needle Used For - tattoo,https://pltr.postgradoune.edu.pe/en/1207rl-tattoo-needle-used-for.html,en,,302,15,0,0,0,9,12,0,0,https://www.mdsupplies.com/sup/images/productImages/FKJEB33I41.gif,,30+ 1207Rl Tattoo Needle Used For FrancGenessa,,,,image,false,true,false,false,false,false,true,pageredirected,,pagefound,2025-01-25 10:00:02,2026-04-29 18:08:54,2026-08-23 22:37:55,,,,1
Dme supplies discount,https://journeyintoindia.com/?j=215444215,en,,0,0,0,0,0,10,10,0,0,https://www.mdsupplies.com/sup/images/JD8EJSY7CV.gif,,Dme supplies discount,,,,image,false,false,false,false,false,false,true,,lowvalue,pagefound,2025-07-07 10:49:39,2025-10-16 12:48:31,2026-08-06 20:36:09,,,,1
Тату иглы,https://recoverwordfile.org/pics/tatu-igly/,ru,,0,25,0,0,0,31,90,0,0,https://www.mdsupplies.com/sup/images/productImages/VLPUK8KBSY.gif,,Тату иглы. Игла Round 5r. Иглы для тату 1209 RL. Иглы для ДРП 10. Round Liner иглы.,,,,image,false,false,false,false,false,false,true,,lowvalue,linkfound,2025-10-08 11:00:33,2025-10-08 11:00:33,2026-08-21 04:42:50,,,,1
Sds alcohol shop prep pads,https://borealcolor.com/?b=35336115,en,,0,0,0,0,0,8,11,0,0,https://www.mdsupplies.com/sup/images/productImages/3Y3PKD2E6Q.gif,,Sds alcohol shop prep pads,,,,image,false,false,false,false,false,false,true,,lowvalue,linkfound,2025-09-19 23:16:35,2025-09-19 23:16:35,2026-08-03 14:16:27,,,,1
Ladies chef on sale pants,https://www.spider-skills.com/?s=224507011,en,,0,0,0,0,0,9,9,0,0,https://www.mdsupplies.com/sup/images/productImages/5K5N96KZBM.gif,,Ladies chef on sale pants,,,,image,false,false,false,false,false,false,true,,lowvalue,pagefound,2025-06-07 02:24:27,2025-10-16 07:15:25,2026-08-04 10:40:32,,,,1
1201Rl Tattoo Needle - tattoo,https://nd.iulataminstitutouniversitario.edu.mx/en/1201rl-tattoo-needle.html,en,,302,0,0,0,0,6,12,0,0,https://www.mdsupplies.com/sup/images/productImages/K8J9ZVU2GY.gif,,"Dynarex Tattoo Needles, Round Liner, 1201RL 75.00/Case of 250 Dynarex 9201",,,,image,false,true,false,false,false,false,true,pageredirected,,pagefound,2026-04-26 15:07:51,2026-04-26 15:07:51,2026-08-22 00:38:30,,,,2
Affiliate Internet Marketing-0020n | Development Mi,https://developmentmi.com/affiliate-internet-marketing-0020n/,en,wordpress,403,46,0,0,0,541,668,0,0,https://mdsupplies.com/,,mdsupplies,,https://www.mdsupplies.com/,301,text,true,true,false,false,false,false,true,pageerror,,pagefound,2025-03-15 18:34:02,2026-07-09 18:47:52,2026-08-21 09:02:31,,,,2
Pharmaceutical spatula 2025,https://www.xsofent.com/?x=145574017,en,,0,0,0,0,0,10,12,0,0,https://www.mdsupplies.com/sup/images/productImages/RQZYQP73KJ.gif,,Pharmaceutical spatula 2025,,,,image,false,false,false,false,false,false,true,,lowvalue,linkfound,2025-07-26 18:16:56,2025-10-02 12:21:24,2026-08-01 03:06:07,,,,1
Pharmaceutical spatula new arrivals,https://www.midtownsuites.in/?m=145574017,en,,0,0.5,0,0,0,10,11,0,0,https://www.mdsupplies.com/sup/images/productImages/RQZYQP73KJ.gif,,Pharmaceutical spatula new arrivals,,,,image,false,false,false,false,false,false,true,,lowvalue,pagefound,2025-02-21 07:45:45,2025-07-11 20:02:56,2026-08-17 01:51:19,,,,1
Labcorp Requisition Form Printable - printable,https://pltr.postgradoune.edu.pe/en/labcorp-requisition-form-printable.html,en,,302,15,0,0,0,11,12,0,0,https://www.mdsupplies.com/sup/images/productImages/WEVSAQ14IE.gif,,Vision Laboratories Requisition Form 0.00/EA8882005114,,,,image,false,true,false,false,false,false,true,pageredirected,,linkfound,2026-05-18 23:16:44,2026-05-18 23:16:44,2026-08-27 16:29:16,,,,1
1201Rl Tattoo Needle - tattoo,https://jayz.infipereira.gov.co/en/1201rl-tattoo-needle.html,en,,404,1.3,0,7,0,6,12,0,0,https://www.mdsupplies.com/sup/images/productImages/7HQXDFWJ49.gif,,"Dynarex Fearless Tattoo Needles Round Liner, 1201RL 67.50/Case of",,,,image,false,true,false,false,false,false,true,notfound,,pagefound,2025-11-29 06:40:12,2026-04-24 02:21:17,2026-08-04 08:02:38,,,,3
Where to buy 🚀 aged domains and backlinks 🔥 from booksreadr.org| 5398-0938,https://booksreadr.org/page-539c8faac0dfe9b38f87e39d8f9e0087.html,en,wordpress,200,8,0,0,0,9997,9997,0,0,https://mdsupplies.com/,mdsupplier.com mdsuppliers.com,mdsupplies.com,mdsuppliesandservice.com mdsuppliesusa.com,,,text,true,false,false,false,false,false,true,removedfromhtml,,pagefound,2026-02-01 13:39:01,2026-06-09 09:36:05,2026-08-14 18:59:37,,,,1
Hydrogel Sheet Wound Dressing - sheet,https://nd.iulataminstitutouniversitario.edu.mx/en/hydrogel-sheet-wound-dressing.html,en,,302,0,0,0,0,10,12,0,0,https://www.mdsupplies.com/sup/images/productImages/FF2KL9HABG.gif,,MedPride Hydrogel Wound Dressing Sheet 4x4 213.90/Case of 120 Shield,,,,image,false,true,false,false,false,false,true,pageredirected,,pagefound,2026-05-14 08:05:21,2026-05-14 08:05:21,2026-08-23 19:30:24,,,,1
Drive medical supplies cheap,https://www.kiteinfotech.com/?k=215450415,en,,0,71,0,0,0,9,9,0,0,https://www.mdsupplies.com/sup/images/IIUR93PAQ6.gif,,Drive medical supplies cheap,,,,image,false,false,false,false,false,false,true,,lowvalue,linkfound,2025-09-29 01:24:16,2025-09-29 01:24:16,2026-08-03 22:34:20,,,,1
Dea Form 41 - form,https://cursive.infipereira.gov.co/view/dea-form-41.html,en,,404,1.3,0,7,0,8,12,0,0,https://www.mdsupplies.com/sup/images/productImages/ZTLE7VFV3C.gif,,Rx Destroyer Drug Disposal System DEA Form 41 0.00/EA C2R Global,,,,image,false,true,false,false,false,false,true,notfound,,pagefound,2026-05-17 00:08:28,2026-05-17 00:08:28,2026-08-29 07:44:38,,,,3
thorne mediclear side effects,https://imobiliaria.inforeis.net/lbarwp56/thorne-mediclear-side-effects,en,,0,0,0,0,0,51,70,0,0,https://www.mdsupplies.com/medical-supplies-Thorne%20Research-MediClear-SGS+Chocolate-UAQUGHR6DP.html,"to regulate the response to fear, stress, and physical discomfort.","Thorne Research MediClear-SGS, Chocolate $71.00/Each Thorne Research SP646","thorne amino complex side effects - abbybaffoe.com Suggested Use: MediClear-SGS,",,,text,false,true,false,false,false,false,true,,lowvalue,pagefound,2022-12-02 09:33:30,2026-01-14 08:12:57,2026-08-29 13:43:29,,,,2
1201Rl Tattoo Needle Used For - tattoo,https://tn.lcamorrosquillo.gov.co/en/1201rl-tattoo-needle-used-for.html,en,,302,0,0,0,0,7,12,0,0,https://www.mdsupplies.com/sup/images/productImages/7HQXDFWJ49.gif,,"Dynarex Fearless Tattoo Needles Round Liner, 1201RL 67.50/Case of",,,,image,false,true,false,false,false,false,true,pageredirected,,linkfound,2026-05-16 03:45:00,2026-05-16 03:45:00,2026-08-25 02:47:59,,,,2
Pvc commode chair sale,https://www.ramshackletheatre.ca/?r=464759612,en,,0,9,0,0,0,10,11,0,0,https://www.mdsupplies.com/sup/images/productImages/53DADEVYIN.gif,,Pvc commode chair sale,,,,image,false,false,false,false,false,false,true,,lowvalue,linkfound,2025-10-16 20:34:38,2025-10-16 20:34:38,2026-08-25 03:56:45,,,,1
Dea Form 41 Pdf - form,https://notre.virtualuncp.edu.pe/en/dea-form-41-pdf.html,en,,302,0.1,0,0,0,8,12,0,0,https://www.mdsupplies.com/sup/images/productImages/ZTLE7VFV3C.gif,,Rx Destroyer Drug Disposal System DEA Form 41 0.00/EA C2R Global,,,,image,false,false,false,false,false,false,true,pageredirected,,linkfound,2025-09-29 21:22:01,2025-09-29 21:22:01,2026-08-01 20:34:33,,,,1
EveryDesigns Business & Professional Services Graphic Designers,https://www.infignos.com/templates/pages.cfm?web=http://www.everydesigns.com&subcat=545,en,,0,28,0,15,0,16,26,0,0,http://www.mdsupplies.com/,,MDSupplies and Service,,,,text,false,true,false,false,false,false,true,,lowvalue,linkfound,2026-02-02 03:39:51,2026-02-02 03:39:51,2026-08-01 12:29:02,,,,3
1207Rl Tattoo Needle Used For - tattoo,https://tn.lcamorrosquillo.gov.co/en/1207rl-tattoo-needle-used-for.html,en,,302,0,0,0,0,9,12,0,0,https://www.mdsupplies.com/sup/images/productImages/FKJEB33I41.gif,,30+ 1207Rl Tattoo Needle Used For FrancGenessa,,,,image,false,true,false,false,false,false,true,pageredirected,,linkfound,2026-05-17 02:48:07,2026-05-17 02:48:07,2026-08-25 12:18:42,,,,1
1201Rl Tattoo Needle Used For - tattoo,https://pltr.postgradoune.edu.pe/en/1201rl-tattoo-needle-used-for.html,en,,302,15,0,0,0,7,12,0,0,https://www.mdsupplies.com/sup/images/productImages/7HQXDFWJ49.gif,,"Dynarex Fearless Tattoo Needles Round Liner, 1201RL 67.50/Case of",,,,image,false,true,false,false,false,false,true,pageredirected,,pagefound,2025-01-30 16:26:29,2026-04-30 07:44:07,2026-08-24 05:53:13,,,,2
1207Rl Tattoo Needle Used For - tattoo,https://cursive.infipereira.gov.co/view/1207rl-tattoo-needle-used-for.html,en,,404,1.3,0,7,0,9,12,0,0,https://www.mdsupplies.com/sup/images/productImages/FKJEB33I41.gif,,30+ 1207Rl Tattoo Needle Used For FrancGenessa,,,,image,false,true,false,false,false,false,true,notfound,,pagefound,2025-01-31 01:52:12,2026-04-25 02:47:39,2026-08-26 18:29:33,,,,2
Labcorp Requisition Form Pdf - form,https://cursive.infipereira.gov.co/view/labcorp-requisition-form-pdf.html,en,,404,1.3,0,7,0,10,12,0,0,https://www.mdsupplies.com/sup/images/productImages/WEVSAQ14IE.gif,,Printable Labcorp Supply Order Form Pdf Printable Word Searches,,,,image,false,true,false,false,false,false,true,notfound,,pagefound,2026-05-13 14:25:02,2026-05-13 14:25:02,2026-08-28 16:18:40,,,,1
1203Rl Tattoo Needle - tattoo,https://pltr.postgradoune.edu.pe/en/1203rl-tattoo-needle.html,en,,302,15,0,0,0,9,12,0,0,https://www.mdsupplies.com/sup/images/productImages/7CXML2268H.gif,,"Dynarex Tattoo Needles, 12 Needle, Round Liner, 1203RL 75.00/Case of",,,,image,false,true,false,false,false,false,true,pageredirected,,pagefound,2025-02-23 21:43:55,2026-05-06 09:03:48,2026-08-25 13:12:51,,,,2
Trotter pediatric 2025 mobility chair,https://agafarmajucabatista.com.br/?a=336394416,en,,0,0,0,1,0,9,10,0,0,https://www.mdsupplies.com/sup/images/productImages/979PEK3F66.gif,,Trotter pediatric 2025 mobility chair,,,,image,false,false,false,false,false,false,true,,lowvalue,linkfound,2025-09-23 05:34:04,2025-09-23 05:34:04,2026-08-17 17:38:22,,,,1
Quest Diagnostics Supply Order Form Pdf - form,https://cursive.infipereira.gov.co/view/quest-diagnostics-supply-order-form-pdf.html,en,,404,1.3,0,7,0,10,12,0,0,https://www.mdsupplies.com/sup/images/productImages/WEVSAQ14IE.gif,,lab requisition form fill online printable fillable blank pdffiller,,,,image,false,true,false,false,false,false,true,notfound,,pagefound,2026-05-17 04:52:07,2026-05-17 04:52:07,2026-08-29 09:20:52,,,,2
Buy nrs185006 Cheap Sale,https://www.negroidhaven.com/?n=464824212,en,,0,4.4,0,0,0,9,9,0,0,https://www.mdsupplies.com/sup/images/free-shipping-yellow.png,,nrs185006,,,,image,false,false,false,false,false,false,true,,lowvalue,linkfound,2025-10-06 03:40:35,2025-10-06 03:40:35,2026-08-25 20:55:20,,,,1
1201Rl Tattoo Needle - tattoo,https://nd.iulataminstitutouniversitario.edu.mx/en/1201rl-tattoo-needle.html,en,,302,0,0,0,0,6,12,0,0,https://www.mdsupplies.com/sup/images/productImages/7HQXDFWJ49.gif,,"Dynarex Fearless Tattoo Needles Round Liner, 1201RL 67.50/Case of",,,,image,false,true,false,false,false,false,true,pageredirected,,pagefound,2026-04-26 15:07:51,2026-04-26 15:07:51,2026-08-22 00:38:30,,,,2
1201Rl Tattoo Needle Used For - tattoo,https://pltr.postgradoune.edu.pe/en/1201rl-tattoo-needle-used-for.html,en,,302,15,0,0,0,7,12,0,0,https://www.mdsupplies.com/sup/images/productImages/K8J9ZVU2GY.gif,,"Dynarex Tattoo Needles, Round Liner, 1201RL 75.00/Case of 250 Dynarex 9201",,,,image,false,true,false,false,false,false,true,pageredirected,,pagefound,2025-01-30 16:26:29,2026-04-30 07:44:07,2026-08-24 05:53:13,,,,2
1201Rl Tattoo Needle - tattoo,https://cursive.infipereira.gov.co/view/1201rl-tattoo-needle.html,en,,404,1.3,0,7,0,6,12,0,0,https://www.mdsupplies.com/sup/images/productImages/K8J9ZVU2GY.gif,,"Dynarex Tattoo Needles, Round Liner, 1201RL 75.00/Case of 250 Dynarex 9201",,,,image,false,true,false,false,false,false,true,notfound,,pagefound,2025-01-27 12:27:30,2026-05-17 17:27:36,2026-08-29 12:34:33,,,,3
Quest Diagnostics Lab Order Form - form,https://notre.virtualuncp.edu.pe/en/quest-diagnostics-lab-order-form.html,en,,302,0.1,0,0,0,10,12,0,0,https://www.mdsupplies.com/sup/images/productImages/WEVSAQ14IE.gif,,lab requisition form fill online printable fillable blank pdffiller,,,,image,false,true,false,false,false,false,true,pageredirected,,pagefound,2025-08-20 06:12:20,2025-12-21 20:08:22,2026-08-21 17:41:01,,,,1
12 Gauge Tattoo Needles - tattoo,https://nd.iulataminstitutouniversitario.edu.mx/en/12-gauge-tattoo-needles.html,en,,302,0,0,0,0,10,12,0,0,https://www.mdsupplies.com/sup/images/productImages/7CXML2268H.gif,,"Dynarex Tattoo Needles, 12 Needle, Round Liner, 1203RL 75.00/Case of",,,,image,false,true,false,false,false,false,true,pageredirected,,pagefound,2025-04-25 02:13:41,2026-04-26 22:09:39,2026-08-22 01:19:00,,,,3
Dme equipment discount,https://journeyintoindia.com/?j=215444115,en,,0,0,0,0,0,10,10,0,0,https://www.mdsupplies.com/sup/images/JD8EJSY7CV.gif,,Dme equipment discount,,,,image,false,false,false,false,false,false,true,,lowvalue,pagefound,2025-07-07 10:23:55,2025-10-16 19:51:35,2026-08-06 20:59:44,,,,1
Sun Health,https://secure.sunhealthdental.com/hc/servlet/hc.Main?c=154&rand=HNZTD2Z677,en,,0,34,0,999,0,3,4,0,0,https://mdsupplies.com/,Request Appointment Authorization Form,Medical Supplies,Get More Information,,,text,false,false,false,false,false,false,true,,lowvalue,linkfound,2025-07-14 13:16:42,2025-08-17 04:39:08,2026-08-29 08:27:51,,,,2458
