Referring page title,Referring page URL,Language,Platform,Referring page HTTP code,Domain rating,UR,Domain traffic,Referring domains,Linked domains,External links,Page traffic,Keywords,Target URL,Target page HTTP code,Left context,Anchor,Right context,Redirect Chain URLs,Redirect Chain status codes,Type,Is spam,Content,Nofollow,UGC,Sponsored,Rendered,Raw,Target checked,Ref. page checked,Author,Page type,Page category,Links in group
MDSupplies and Service Now Recognized as Google Trusted Store - PR.com,https://www.pr.com/press-release/652072,en,,200,80,0,13027,0,2,7,0,0,https://mdsupplies.com/Medical-Supply-Store.html,404,MDSupplies and Service is a multi-vendor,medical supply store,specializing in connecting customers directly to major manufacturers and vendors,"http://www.mdsupplies.com/Medical-Supply-Store.html, https://www.mdsupplies.com/Medical-Supply-Store.html","301, 301",text,false,true,true,false,false,false,true,2026-04-20 18:34:13,2026-04-09 05:33:49,Brad Reeser,,,1
Essential Guide to Physician Dispensing Equipment,http://www.mdscripts.com/resources/20240701-physician-dispensing-equipment.html,en,,200,72,4.5,484,0,3,13,0,0,https://mdsupplies.com/medical-supply-store/Pharmaceuticals/Medication+Aids/Narcotics+Storage-GRF8SCRI15.html,404,regulatory requirements and maintain the integrity of medications. There are,many storage cabinet solutions available online,depending on your office and medication storage requirements.,https://www.mdsupplies.com/medical-supply-store/Pharmaceuticals/Medication+Aids/Narcotics+Storage-GRF8SCRI15.html,301,text,false,true,false,false,false,false,true,2025-12-03 04:44:50,2026-04-25 08:04:53,,,,5
In search of plastic bags | Reef2Reef,https://www.reef2reef.com/threads/in-search-of-plastic-bags.731787/,en,,200,62,0,84047,0,18,28,0,0,https://mdsupplies.com/medical-supplies-Dynarex-Specimen-Containers-4oz-22I48F9UI7.html,404,I prefer to ship in specimen cups (e.g.,https://www.mdsupplies.com/medical-supplies-Dynarex-Specimen-Containers-4oz-22I48F9UI7.html,"), but if you are looking for bags, check out",https://www.mdsupplies.com/medical-supplies-Dynarex-Specimen-Containers-4oz-22I48F9UI7.html,301,text,false,false,true,true,false,false,true,2026-01-20 21:35:16,2026-04-02 12:20:18,,,,1
Best bags for selling or shipping frags??? | Reef2Reef,https://www.reef2reef.com/threads/best-bags-for-selling-or-shipping-frags.382562/,en,,200,62,0,84047,0,22,34,0,0,https://mdsupplies.com/medical-supplies-Dynarex-Specimen-Containers-4oz-22I48F9UI7.html,404,,https://www.mdsupplies.com/medical-supplies-Dynarex-Specimen-Containers-4oz-22I48F9UI7.html,,https://www.mdsupplies.com/medical-supplies-Dynarex-Specimen-Containers-4oz-22I48F9UI7.html,301,text,false,false,true,true,false,false,true,2026-01-20 21:35:16,2026-03-28 13:19:31,,,,1
Eurekster,https://p.eurekster.com/?id=&apdiv=Submit&search=Medical%20Product,en,,200,51,0,0,0,104,135,0,0,https://mdsupplies.com/Medical-Supply-Store.html,404,,Online Medical Equipment Supply Store - MDSupplies and ...,,https://www.mdsupplies.com/Medical-Supply-Store.html,301,text,false,false,false,false,false,false,true,2026-04-20 18:34:13,2026-02-11 14:22:30,,,,4
Eurekster,https://p.eurekster.com/?id=ODAoPyI&apdiv=Submit&search=Home%20Medical%20Equipment,en,,200,51,0,0,0,100,116,0,0,https://mdsupplies.com/supplies-by-vendor/Drive-Medical-VQTWVE3SWE.html,404,,https://www.mdsupplies.com/supplies-by-vendor/Drive-Medical-VQTWVE3SWE.html,,https://www.mdsupplies.com/supplies-by-vendor/Drive-Medical-VQTWVE3SWE.html,301,text,false,false,false,false,false,false,true,2026-03-12 07:21:26,2026-02-03 13:55:28,,,,8
Eurekster,https://p.eurekster.com/?id=ODAoPyI&apdiv=Submit&search=Insulin%20Syringe,en,,200,51,0,0,0,102,126,0,0,https://mdsupplies.com/medical-supplies-Exel-Insulin-Syringe-05cc-29g-x-12-8DKB9DMTEX.html,404,,https://www.mdsupplies.com/medical-supplies-Exel-Insulin-Syringe-05cc-29g-x-12-8DKB9DMTEX.html,,https://www.mdsupplies.com/medical-supplies-Exel-Insulin-Syringe-05cc-29g-x-12-8DKB9DMTEX.html,301,text,false,false,false,false,false,false,true,2026-03-23 12:09:22,2026-01-12 02:33:21,,,,5
Eurekster,https://p.eurekster.com/?id=&apdiv=Submit&search=Surgical%20Sutures,en,,200,51,0,0,0,103,131,0,0,https://mdsupplies.com/articles/types-of-sutures.html,404,,https://www.mdsupplies.com/articles/types-of-sutures.html,,https://www.mdsupplies.com/articles/types-of-sutures.html,301,text,false,false,false,false,false,false,true,2026-01-21 14:13:15,2026-04-18 06:26:50,,,,2
mdsupplies announces the manufacturer direct relationship with dr,https://www.forpressrelease.com/forpressrelease/196859/4/mdsupplies-announces-the-manufacturer-direct-relationship-with-drive-medical-a-fast-growing-global-manufacturer-of-durable-medical-equipment,en,,200,51,0,340,0,11,23,0,0,https://mdsupplies.com/Durable-Equipment-Medical.html,404,Manufacturing is one of the fastest growing global manufacturers of,durable medical equipment,in the world. The Company markets and distributes its products,https://www.mdsupplies.com/Durable-Equipment-Medical.html,301,text,false,true,true,false,false,false,true,2026-03-11 21:14:56,2026-04-20 06:06:05,Arnav Anand,,,2
dukal medical dental and vet supplies now available directly from,https://www.forpressrelease.com/forpressrelease/221465/4/dukal-medical-dental-and-vet-supplies-now-available-directly-from-the-manufacturer-through-mdsupplies-directconnect-system,en,,200,51,0,340,0,10,25,0,0,https://mdsupplies.com/Medical-Supply-Store.html,404,MDSupplies and Service is a multi-vendor,medical supply store,specializing in connecting customers directly to major manufacturers and vendors,"http://www.mdsupplies.com/Medical-Supply-Store.html, https://www.mdsupplies.com/Medical-Supply-Store.html","301, 301",text,false,true,true,false,false,false,true,2026-04-20 18:34:13,2026-04-20 05:36:06,Arnav Anand,,,4
mdsupplies announces the manufacturer direct relationship with dr,https://www.forpressrelease.com/forpressrelease/196859/4/mdsupplies-announces-the-manufacturer-direct-relationship-with-drive-medical-a-fast-growing-global-manufacturer-of-durable-medical-equipment,en,,200,51,0,340,0,11,23,0,0,https://mdsupplies.com/supplies-by-vendor/Drive-Medical-VQTWVE3SWE.html,404,,Drive Medical,Design and Manufacturing is one of the fastest growing global,https://www.mdsupplies.com/supplies-by-vendor/Drive-Medical-VQTWVE3SWE.html,301,text,false,true,true,false,false,false,true,2026-03-12 07:21:26,2026-04-20 06:06:05,Arnav Anand,,,2
Dynarex Medical Supplies | Day of Difference,https://dayofdifference.org.au/d-medical/dynarex-medical-supplies.html,en,"ecommerce, wordpress",200,23,0,0,0,5,11,0,0,https://mdsupplies.com/supplies-by-vendor/Dynarex-MM7QQM8CLP.html,404,,"Dynarex Supplies, Products and Equipment",,https://www.mdsupplies.com/supplies-by-vendor/Dynarex-MM7QQM8CLP.html,301,text,false,false,true,false,false,false,true,2025-12-03 01:56:52,2026-02-08 07:47:01,,,,1
10cc Syringe Medical Supplies | Day of Difference,https://dayofdifference.org.au/0-9-medical/10cc-syringe-medical-supplies.html,en,"ecommerce, wordpress",200,23,0,0,0,9,13,0,0,https://mdsupplies.com/medical-supply-store/Needles++Syringes/Syringes/10cc+Syringes+w+Needle-DMGAATSB9S.html,404,,Needles & Syringes | Syringes | 10cc Syringes w/ Needle,,https://www.mdsupplies.com/medical-supply-store/Needles++Syringes/Syringes/10cc+Syringes+w+Needle-DMGAATSB9S.html,301,text,false,true,true,false,false,false,true,2026-04-10 17:39:26,2025-12-28 22:28:14,,,,1
Discount Medical Supplies Physicians Office Andnot Home | Day of Difference,https://dayofdifference.org.au/d-medical/discount-medical-supplies-physicians-office-andnot-home.html,en,"ecommerce, wordpress",200,23,0,0,0,9,14,0,0,https://mdsupplies.com/Medical-Supplies-for-Doctors.html,404,,Affordable and Discount Medical Supplies for Doctors and …,,https://www.mdsupplies.com/Medical-Supplies-for-Doctors.html,301,text,false,false,true,false,false,false,true,2026-04-11 16:41:18,2026-04-13 14:51:33,,,,1
Ndd Medical Technologies Inc 2050-1 | Day of Difference,https://dayofdifference.org.au/n-medical/ndd-medical-technologies-inc-2050-1.html,en,"ecommerce, wordpress",200,23,0,0,0,9,12,0,0,https://mdsupplies.com/medical-supplies-ndd%20Medical%20Technologies%20Inc.-EASYONE+SPIRETTES-I78AVCLDSL.html,404,,ndd Medical Technologies Inc. EASYONE SPIRETTES $121.36/Box …,,https://www.mdsupplies.com/medical-supplies-ndd%20Medical%20Technologies%20Inc.-EASYONE+SPIRETTES-I78AVCLDSL.html,301,text,false,true,true,false,false,false,true,2025-12-06 10:48:17,2026-02-21 11:46:56,,,,1
Leg Immobilizer Medical Supplies | Day of Difference,https://dayofdifference.org.au/l-medical/leg-immobilizer-medical-supplies.html,en,"ecommerce, wordpress",200,23,0,0,0,8,12,0,0,https://mdsupplies.com/medical-supply-store/Emergency+Supplies/Immobilizers/Leg+Immobilizers-IQ9MV1MBEB.html,404,,"Emergency Supplies | Immobilizers | Leg Immobilizers Products, …",,https://www.mdsupplies.com/medical-supply-store/Emergency+Supplies/Immobilizers/Leg+Immobilizers-IQ9MV1MBEB.html,301,text,false,true,true,false,false,false,true,2025-12-03 11:43:31,2026-03-27 06:53:00,,,,1
What Are Medical Needles Made Of | Day of Difference,https://dayofdifference.org.au/w-medical/what-are-medical-needles-made-of.html,en,"ecommerce, wordpress",200,23,0,0,0,8,9,0,0,https://mdsupplies.com/articles/types-of-needles.html,404,,Overview of How Needles Work and Types of Needles,,https://www.mdsupplies.com/articles/types-of-needles.html,301,text,false,true,true,false,false,false,true,2026-03-15 15:26:20,2026-01-24 12:10:30,,,,3
Emergency Medical Dressing | Day of Difference,https://dayofdifference.org.au/e-medical/emergency-medical-dressing.html,en,"ecommerce, wordpress",200,23,0,0,0,10,12,0,0,https://mdsupplies.com/medical-supply-store/Wound++Skin+Care/Wound+Care+Dressings/Emergency++Trauma+Dressings-1MRS82K82J.html,404,,Wound & Skin Care | Wound Care Dressings | Emergency,,https://www.mdsupplies.com/medical-supply-store/Wound++Skin+Care/Wound+Care+Dressings/Emergency++Trauma+Dressings-1MRS82K82J.html,301,text,false,false,true,false,false,false,true,2025-12-14 10:34:14,2026-01-21 15:01:08,,,,1
Face Masks Medical Supplies | Day of Difference,https://dayofdifference.org.au/f-medical/face-masks-medical-supplies.html,en,"ecommerce, wordpress",200,23,0,0,0,6,11,0,0,https://mdsupplies.com/face-masks-n95-kn95.html,404,,"Face Masks, N95, KN95 and Cloth Masks - MDSupplies",,https://www.mdsupplies.com/face-masks-n95-kn95.html,301,text,false,true,true,false,false,false,true,2026-01-26 12:27:49,2026-02-22 03:22:15,,,,1
Doctor Medical Supplies | Day of Difference,https://dayofdifference.org.au/d-medical/doctor-medical-supplies.html,en,"ecommerce, wordpress",200,23,0,0,0,9,13,0,0,https://mdsupplies.com/Medical-Supplies-for-Doctors.html,404,,Affordable and Discount Medical Supplies for Doctors …,,https://www.mdsupplies.com/Medical-Supplies-for-Doctors.html,301,text,false,true,true,false,false,false,true,2026-04-11 16:41:18,2026-02-09 03:11:24,,,,3
Feather Medical Blades | Day of Difference,https://dayofdifference.org.au/f-medical/feather-medical-blades.html,en,"ecommerce, wordpress",200,23,0,0,0,8,11,0,0,https://mdsupplies.com/medical-supplies-Feather-Sterile+Surgical+Blades+11-2ULXL3BIJK.html,404,,Feather Sterile Surgical Blades #11 $32.48/Box of 100 Graham …,,https://www.mdsupplies.com/medical-supplies-Feather-Sterile+Surgical+Blades+11-2ULXL3BIJK.html,301,text,false,true,true,false,false,false,true,2025-12-02 00:44:40,2026-04-14 16:01:23,,,,1
How to Ship Coral Frags: A Step-by-Step Guide,https://light.fish/blog/how-to-ship-coral-frags,en,,200,15,4.6,4421,0,5,17,0,0,https://mdsupplies.com/medical-supplies-Dynarex-Specimen-Containers-4oz-22I48F9UI7.html,404,"you're having difficulty wrapping the shipping bag, an appropriately sized",specimen cup,can be used instead.,https://www.mdsupplies.com/medical-supplies-Dynarex-Specimen-Containers-4oz-22I48F9UI7.html,301,text,false,false,false,false,false,false,true,2026-01-20 21:35:16,2026-04-10 17:08:03,Miles Harrison,,,1
thorne veganpro complex,http://iotkoreamall.com/meermin-hiro/thorne-veganpro-complex,en,,200,11,0,0,0,36,61,0,0,https://mdsupplies.com/medical-supplies-Thorne%20Research-VeganPro+Complex+Vanilla-WQEMF6Q8IH.html,404,. Subscribe and save 10%. Vegan Certified Products | Thorne,"Thorne Research VeganPro Complex, Vanilla $44.16/Container Thorne",The added immune and methylation support are instrumental for an,https://www.mdsupplies.com/medical-supplies-Thorne%20Research-VeganPro+Complex+Vanilla-WQEMF6Q8IH.html,301,text,false,true,false,false,false,false,true,2026-03-12 05:21:52,2026-04-26 22:23:58,,,,2
thorne veganpro complex,http://iotkoreamall.com/meermin-hiro/thorne-veganpro-complex,en,,200,11,0,0,0,36,61,0,0,https://mdsupplies.com/medical-supplies-Thorne%20Research-VeganPro+Complex+Chocolate-TIH9JNRQT6.html,404,- 24.9 oz (705 Grams) Vegan Pro Complex - Vanilla-16766,"Thorne Research VeganPro Complex, Chocolate $44.16/Container Thorne",When it comes to living a healthy life and finding,https://www.mdsupplies.com/medical-supplies-Thorne%20Research-VeganPro+Complex+Chocolate-TIH9JNRQT6.html,301,text,false,true,false,false,false,false,true,2026-02-19 13:21:05,2026-04-26 22:23:58,,,,2
Medical Supply For Doctors Office - Manningham Medical Centre,https://www.manninghammedicalcentre.com.au/m-medical/medical-supply-for-doctors-office.html,en,,200,7,4.5,4,0,9,12,0,0,https://mdsupplies.com/Medical-Supplies-for-Doctors.html,404,,Affordable and Discount Medical Supplies …,,https://www.mdsupplies.com/Medical-Supplies-for-Doctors.html,301,text,false,true,true,false,false,false,true,2026-04-11 16:41:18,2026-02-14 17:10:09,,,,1
Different Types Of Medical Needles - Manningham Medical Centre,https://www.manninghammedicalcentre.com.au/d-medical/different-types-of-medical-needles.html,en,,200,7,4.5,4,0,10,12,0,0,https://mdsupplies.com/articles/types-of-needles.html,404,,Overview of How Needles Work and Types …,,https://www.mdsupplies.com/articles/types-of-needles.html,301,text,false,true,true,false,false,false,true,2026-03-15 15:26:20,2026-02-10 09:11:16,,,,1
Graham Medical Drape Sheets - Manningham Medical Centre,https://www.manninghammedicalcentre.com.au/g-medical/graham-medical-drape-sheets.html,en,,200,7,0,4,0,7,13,0,0,https://mdsupplies.com/medical-supplies-Graham%20Medical-Drape+Sheet+White+40+x+60+2-Ply-XVUAKHW2KF.html,404,,"Graham Medical Drape Sheet, White, 40 x 60, 2-Ply $62.98/Case …",,https://www.mdsupplies.com/medical-supplies-Graham%20Medical-Drape+Sheet+White+40+x+60+2-Ply-XVUAKHW2KF.html,301,text,false,true,true,false,false,false,true,2025-12-11 14:24:24,2026-04-15 08:55:19,,,,1
,https://www.besiktastesisatci.com/igphgz/light/milani/sheraton/14059831550d4422e2b20e9c-triangular-bandage-size-in-meters,en,wordpress,200,6,0,0,0,25,31,0,0,https://mdsupplies.com/medical-supply-store/Wound++Skin+Care/Elastic+Bandages/Triangular+Bandages-ATPW8HKJSB.html,404,bandage is not adequate. 4.0 out of 5 stars 5.,Bandages,Great for maintaining compressions or cover on a head wound.,https://www.mdsupplies.com/medical-supply-store/Wound++Skin+Care/Elastic+Bandages/Triangular+Bandages-ATPW8HKJSB.html,301,text,false,true,false,false,false,false,true,2025-12-14 08:19:55,2026-04-15 02:34:59,,Listing > Product,Health > Equipment > Other,1
dehydrated alcohol injection for sale,http://pekavalas.eu/smf/dehydrated-alcohol-injection-for-sale.html,en,,200,6,0,0,0,8,9,0,0,https://mdsupplies.com/medical-supply-store/Pharmaceuticals/Injectables-U1GD8BVMR5.html,404,by V lu mf E 26 (Ethyl Alcohol) Single-dose Vial.,"Pharmaceuticals | Injectables Products, Supplies, Equipment",Drug Shortage Detail: Alcohol Dehydrated Injection (Ethanol) Amazon.com: denatured alcohol,https://www.mdsupplies.com/medical-supply-store/Pharmaceuticals/Injectables-U1GD8BVMR5.html,301,text,false,true,false,false,false,false,true,2026-01-21 14:59:28,2026-03-16 19:58:19,,Listing > Product,Health > Equipment > Other; Shopping,1
,https://www.mag.com.jo/zxn34/astm-level-3-pediatric-mask-canada.html,en,wordpress,200,0.6,0,8,0,9,10,0,0,https://mdsupplies.com/medical-supply-store/Face-Masks-CYR82C7EBL.html?&formularyId=S4MBN1JH2L,404,N95 And KN95 Face Masks To Wear For COVID ...,"Face Masks Products, Supplies, Equipment",Read reviews to learn about the top-rated Aurelia ASTM Level,https://www.mdsupplies.com/medical-supply-store/Face-Masks-CYR82C7EBL.html?&formularyId=S4MBN1JH2L,301,text,false,true,false,false,false,false,true,2026-01-05 00:52:17,2026-04-24 06:40:28,,Listing collection > Product,Health > Equipment > Other; Shopping,2
thorne veganpro complex,https://khoangsanhaiphong.com/cjfnaqv/thorne-veganpro-complex,en,wordpress,200,0.1,0,0,0,42,69,0,0,https://mdsupplies.com/medical-supplies-Thorne%20Research-VeganPro+Complex+Vanilla-WQEMF6Q8IH.html,404,found in typical vegan protein powders. VeganPro Complex - Vanilla.,"Thorne Research VeganPro Complex, Vanilla $44.16/Container Thorne",0%. 55. Thorne Whey Protein Isolate - Easy-to-Digest Whey Protein,https://www.mdsupplies.com/medical-supplies-Thorne%20Research-VeganPro+Complex+Vanilla-WQEMF6Q8IH.html,301,text,false,true,false,false,false,false,true,2026-03-12 05:21:52,2026-04-26 10:32:29,,Listing > Product,Health > Nutrition > Supplements; Shopping,1
Home Medical Supplies – Amiron Medical Equipments,https://www.amironmedical.co.tz/home-medical-supplies/,en,"ecommerce, wordpress",200,0,0,0,0,4,16,0,0,https://mdsupplies.com/medical-supply-store/Hygiene-WQ2ENW7KU6.html,404,,Hygiene Products,,"http://www.mdsupplies.com/medical-supply-store/Hygiene-WQ2ENW7KU6.html, https://www.mdsupplies.com/medical-supply-store/Hygiene-WQ2ENW7KU6.html","301, 301",text,false,true,false,false,false,false,true,2025-12-04 19:42:54,2026-04-26 11:12:10,Amiron Medical Equipments,,,1
Affordable Diabetic Supplies – Amiron Medical Equipments,https://www.amironmedical.co.tz/affordable-diabetic-supplies/,en,"ecommerce, wordpress",200,0,0,0,0,4,20,0,0,https://mdsupplies.com/medical-supply-store/Testing-and-Screening/Diagnostic-Tests/Lipid-Glucose-Testing-Z2IP7J6EF7.html,404,,Glucose Meters,,"http://www.mdsupplies.com/medical-supply-store/Testing-and-Screening/Diagnostic-Tests/Lipid-Glucose-Testing-Z2IP7J6EF7.html, https://www.mdsupplies.com/medical-supply-store/Testing-and-Screening/Diagnostic-Tests/Lipid-Glucose-Testing-Z2IP7J6EF7.html","301, 301",text,false,true,false,false,false,false,true,2026-04-25 07:35:00,2026-04-26 00:37:14,Amiron Medical Equipments,,,1
First Aid Supplies For Businesses – Amiron Medical Equipments,https://www.amironmedical.co.tz/first-aid-supplies-online-for-businesses/,en,"ecommerce, wordpress",200,0,0,0,0,4,5,0,0,https://mdsupplies.com/all-categories.html,404,occurs before stocking your business with adequate first aid supplies.,MDSupplies,offers a variety of supplies and equipment that fits any,https://www.mdsupplies.com/all-categories.html,301,text,false,true,false,false,false,false,true,2026-04-23 09:31:01,2026-04-23 22:28:44,Amiron Medical Equipments,,,1
Affordable Diabetic Supplies – Amiron Medical Equipments,https://www.amironmedical.co.tz/affordable-diabetic-supplies/,en,"ecommerce, wordpress",200,0,0,0,0,4,20,0,0,https://mdsupplies.com/medical-supply-store/Gloves-G78R26U43E.html,404,,Disposable Gloves,,"http://www.mdsupplies.com/medical-supply-store/Gloves-G78R26U43E.html, https://www.mdsupplies.com/medical-supply-store/Gloves-G78R26U43E.html","301, 301",text,false,true,false,false,false,false,true,2026-02-19 09:18:35,2026-04-26 00:37:14,Amiron Medical Equipments,,,1
lumbar puncture needle types,https://angel.smitch.co/app/uploads/bqhyqji/253873626bc90a76b402375189a8f7c491c,en,,200,0,0,0,0,1,2,0,0,https://mdsupplies.com/articles/types-of-needles.html,404,needles decrease the incidence of post-LP headache (1 and 2).,Overview of How Needles Work and Types of Needles,"China Disposable Lumbar Puncture Needles Quincke Type Pencil Point, Find",https://www.mdsupplies.com/articles/types-of-needles.html,301,text,false,true,false,false,false,false,true,2026-03-15 15:26:20,2026-02-18 10:04:14,,Listing collection > Product,Health > Equipment > Assistive technology,1
